timestamp,device,if1_in_octets,if1_out_octets,if1_in_errors,if1_status,if2_in_octets,if2_out_octets,if2_in_errors,if2_status,if3_in_octets,if3_out_octets,if3_in_errors,if3_status,if4_in_octets,if4_out_octets,if4_in_errors,if4_status,cpu
2026-07-12T18:53:17.253100+00:00,Edge-RTR,570684411,565399017,0,1,731114,1370585,0,1,0,0,0,2,0,0,0,2,2
2026-07-12T18:53:17.608628+00:00,Core-SW,549135,498891,0,1,50172,423221,0,1,50247,423119,0,1,566945402,567462926,0,1,
2026-07-12T18:53:18.103206+00:00,Dist-SW1,424927,50910,0,1,0,197717,0,1,0,221905,0,1,0,221905,0,1,
2026-07-12T18:53:18.567132+00:00,Dist-SW2,424829,50981,0,1,0,197717,0,1,0,221905,0,1,0,221905,0,1,
2026-07-12T18:53:49.031644+00:00,Edge-RTR,574072127,568751776,0,1,737368,1397725,0,1,0,0,0,2,0,0,0,2,2
2026-07-12T18:53:49.381501+00:00,Core-SW,561118,504731,0,1,52329,430377,0,1,52475,430275,0,1,571161354,571689206,0,1,
2026-07-12T18:53:49.902797+00:00,Dist-SW1,428583,52627,0,1,0,198617,0,1,0,222959,0,1,0,222959,0,1,
2026-07-12T18:53:50.393488+00:00,Dist-SW2,428485,52769,0,1,0,198617,0,1,0,222959,0,1,0,222959,0,1,
2026-07-12T18:54:20.872026+00:00,Edge-RTR,577398446,572052038,0,1,743126,1415313,0,1,0,0,0,2,0,0,0,2,2
2026-07-12T18:54:21.223868+00:00,Core-SW,562098,508111,0,1,54331,435229,0,1,54477,435127,0,1,574269676,574798978,0,1,
2026-07-12T18:54:21.726604+00:00,Dist-SW1,434103,54629,0,1,0,201397,0,1,0,224393,0,1,0,224393,0,1,
2026-07-12T18:54:22.180695+00:00,Dist-SW2,434005,54771,0,1,0,201397,0,1,0,224393,0,1,0,224393,0,1,
2026-07-12T18:54:52.632550+00:00,Edge-RTR,580695027,575321223,0,1,748574,1432873,0,1,0,0,0,2,0,0,0,2,2
2026-07-12T18:54:53.348789+00:00,Core-SW,564022,511907,0,1,55953,440433,0,1,56099,440331,0,1,577399100,577928978,0,1,
2026-07-12T18:54:53.903792+00:00,Dist-SW1,439239,56251,0,1,0,203797,0,1,0,225447,0,1,0,225447,0,1,
2026-07-12T18:54:54.499838+00:00,Dist-SW2,439141,56393,0,1,0,203797,0,1,0,225447,0,1,0,225447,0,1,
2026-07-12T18:55:25.053601+00:00,Edge-RTR,584588115,578817882,0,1,754786,1471346,0,1,0,0,0,2,0,0,0,2,2
2026-07-12T18:55:26.181648+00:00,Core-SW,583309,519555,0,1,57955,446021,0,1,58101,445919,0,1,580807997,581352416,0,1,
2026-07-12T18:55:27.038219+00:00,Dist-SW1,444759,58253,0,1,0,206577,0,1,0,226881,0,1,0,227181,0,1,
2026-07-12T18:55:28.390968+00:00,Dist-SW2,446969,58395,0,1,0,208377,0,1,0,227181,0,1,0,227181,0,1,
2026-07-12T18:55:59.281418+00:00,Edge-RTR,588226192,582429087,0,1,761350,1489944,0,1,0,0,0,2,0,0,0,2,2
2026-07-12T18:55:59.887606+00:00,Core-SW,585329,524123,0,1,59577,451997,0,1,59723,451895,0,1,585051802,585597101,0,1,
2026-07-12T18:56:00.515647+00:00,Dist-SW1,450499,59875,0,1,0,209217,0,1,0,228235,0,1,0,228235,0,1,
2026-07-12T18:56:01.386333+00:00,Dist-SW2,450401,60017,0,1,0,209217,0,1,0,228235,0,1,0,228235,0,1,
2026-07-12T18:56:31.879245+00:00,Edge-RTR,591692875,585868070,0,1,766798,1507706,0,1,0,0,0,2,0,0,0,2,2
2026-07-12T18:56:32.235133+00:00,Core-SW,587157,528211,0,1,61579,457493,0,1,61725,457391,0,1,588224580,588770835,0,1,
2026-07-12T18:56:32.768572+00:00,Dist-SW1,456019,61877,0,1,0,211997,0,1,0,229669,0,1,0,229669,0,1,
2026-07-12T18:56:33.259206+00:00,Dist-SW2,455921,62019,0,1,0,211997,0,1,0,229669,0,1,0,229669,0,1,
2026-07-12T18:57:03.751583+00:00,Edge-RTR,595012338,589161002,0,1,773052,1525121,0,1,0,0,0,2,0,0,0,2,2
2026-07-12T18:57:04.101467+00:00,Core-SW,588798,531943,0,1,63201,462697,0,1,63347,462595,0,1,591334608,591881010,0,1,
2026-07-12T18:57:04.602280+00:00,Dist-SW1,461155,63499,0,1,0,214397,0,1,0,230723,0,1,0,230723,0,1,
2026-07-12T18:57:05.088562+00:00,Dist-SW2,461057,63641,0,1,0,214397,0,1,0,230723,0,1,0,230723,0,1,
2026-07-12T18:57:35.561517+00:00,Edge-RTR,598431721,592554567,0,1,779120,1543443,0,1,0,0,0,2,0,0,0,2,2
2026-07-12T18:57:35.909360+00:00,Core-SW,590722,536123,0,1,65203,468285,0,1,65349,468183,0,1,594531624,595078986,0,1,
2026-07-12T18:57:36.527841+00:00,Dist-SW1,466675,65501,0,1,0,217177,0,1,0,232157,0,1,0,232157,0,1,
2026-07-12T18:57:37.030772+00:00,Dist-SW2,466577,65643,0,1,0,217177,0,1,0,232157,0,1,0,232157,0,1,
2026-07-12T18:58:07.510061+00:00,Edge-RTR,601817140,595913453,0,1,784526,1560156,0,1,0,0,0,2,0,0,0,2,2
2026-07-12T18:58:07.867366+00:00,Core-SW,592363,539855,0,1,66825,473489,0,1,66970,473386,0,1,597726687,598275044,0,1,
2026-07-12T18:58:08.348020+00:00,Dist-SW1,474059,67123,0,1,0,221377,0,1,0,233511,0,1,0,233511,0,1,
2026-07-12T18:58:08.816624+00:00,Dist-SW2,473960,67264,0,1,0,221377,0,1,0,233511,0,1,0,233511,0,1,
2026-07-12T18:58:39.261743+00:00,Edge-RTR,605117431,599186620,0,1,790512,1578398,0,1,0,0,0,2,0,0,0,2,2
2026-07-12T18:58:39.626497+00:00,Core-SW,594760,545267,0,1,68827,480309,0,1,68972,480206,0,1,601882699,602432241,0,1,
2026-07-12T18:58:40.186182+00:00,Dist-SW1,478011,69125,0,1,0,222657,0,1,0,234945,0,1,0,234945,0,1,
2026-07-12T18:58:40.657445+00:00,Dist-SW2,477912,69266,0,1,0,222657,0,1,0,234945,0,1,0,234945,0,1,
2026-07-12T18:59:11.138958+00:00,Edge-RTR,608386166,602415854,0,1,796580,1609567,0,1,0,0,0,2,0,0,0,2,2
2026-07-12T18:59:11.518090+00:00,Core-SW,596169,548528,0,1,70448,485041,0,1,70594,484939,0,1,604888187,605437455,0,1,
2026-07-12T18:59:12.051563+00:00,Dist-SW1,483223,70746,0,1,0,225057,0,1,0,235999,0,1,0,235999,0,1,
2026-07-12T18:59:12.549271+00:00,Dist-SW2,483125,70888,0,1,0,225057,0,1,0,235999,0,1,0,235999,0,1,
2026-07-12T18:59:43.032003+00:00,Edge-RTR,611665521,605669042,0,1,802876,1627242,0,1,0,0,0,2,0,0,0,2,2
2026-07-12T18:59:43.580645+00:00,Core-SW,608810,554986,0,1,72449,490628,0,1,72596,490527,0,1,607985542,608544765,0,1,
2026-07-12T18:59:44.772778+00:00,Dist-SW1,488742,72747,0,1,0,227837,0,1,0,237433,0,1,0,237433,0,1,
2026-07-12T18:59:45.369998+00:00,Dist-SW2,488645,72890,0,1,0,227837,0,1,0,237433,0,1,0,237433,0,1,
2026-07-12T19:00:15.832663+00:00,Edge-RTR,615051874,609029579,0,1,808366,1665778,0,1,0,0,0,2,0,0,0,2,2
2026-07-12T19:00:17.324378+00:00,Core-SW,628334,562250,0,1,74071,495832,0,1,74218,495731,0,1,611060044,611633871,0,1,
2026-07-12T19:00:18.239823+00:00,Dist-SW1,496510,74809,0,1,0,232417,0,1,0,239321,0,1,0,239321,0,1,
2026-07-12T19:00:18.688901+00:00,Dist-SW2,496473,74952,0,1,0,232417,0,1,0,239321,0,1,0,239321,0,1,
2026-07-12T19:00:49.799151+00:00,Edge-RTR,618617859,612546885,0,1,814620,1683455,0,1,0,0,0,2,0,0,0,2,2
2026-07-12T19:00:50.152516+00:00,Core-SW,630021,567170,0,1,76069,502096,0,1,76216,501995,0,1,615232622,615808110,0,1,
2026-07-12T19:00:50.704146+00:00,Dist-SW1,500018,76367,0,1,0,233317,0,1,0,240375,0,1,0,240375,0,1,
2026-07-12T19:00:51.187892+00:00,Dist-SW2,499981,76510,0,1,0,233317,0,1,0,240375,0,1,0,240375,0,1,
2026-07-12T19:01:21.673648+00:00,Edge-RTR,621972922,615875346,0,1,820730,1701837,0,1,0,0,0,2,0,0,0,2,2
2026-07-12T19:01:22.033494+00:00,Core-SW,631945,571350,0,1,78071,507684,0,1,78218,507583,0,1,618399054,618974654,0,1,
2026-07-12T19:01:22.558785+00:00,Dist-SW1,505538,78369,0,1,0,236097,0,1,0,241809,0,1,0,241809,0,1,
2026-07-12T19:01:23.044890+00:00,Dist-SW2,505501,78512,0,1,0,236097,0,1,0,241809,0,1,0,241809,0,1,
2026-07-12T19:01:53.541150+00:00,Edge-RTR,625272553,619148643,0,1,827148,1720237,0,1,0,0,0,2,0,0,0,2,2
2026-07-12T19:01:53.891458+00:00,Core-SW,633827,575082,0,1,79629,512824,0,1,79776,512723,0,1,621496236,622072412,0,1,
2026-07-12T19:01:54.435469+00:00,Dist-SW1,510614,79927,0,1,0,238497,0,1,0,242863,0,1,0,242863,0,1,
2026-07-12T19:01:54.922641+00:00,Dist-SW2,510577,80070,0,1,0,238497,0,1,0,242863,0,1,0,242863,0,1,
2026-07-12T19:02:25.417573+00:00,Edge-RTR,630399054,624089680,0,1,832948,1737492,0,1,0,0,0,2,0,0,0,2,3
2026-07-12T19:02:25.767441+00:00,Core-SW,635510,580613,0,1,81631,519763,0,1,81778,519662,0,1,626240368,626816474,0,1,
2026-07-12T19:02:26.299474+00:00,Dist-SW1,517433,81929,0,1,0,241277,0,1,0,244297,0,1,0,244297,0,1,
2026-07-12T19:02:26.791998+00:00,Dist-SW2,517396,82072,0,1,0,241277,0,1,0,244297,0,1,0,244297,0,1,
2026-07-12T19:02:57.270383+00:00,Edge-RTR,633941373,627602521,0,1,838704,1755388,0,1,0,0,0,2,0,0,0,2,4
2026-07-12T19:02:57.633502+00:00,Core-SW,637432,584407,0,1,83189,524901,0,1,83336,524800,0,1,629595328,630172010,0,1,
2026-07-12T19:02:58.148277+00:00,Dist-SW1,522507,83487,0,1,0,245475,0,1,0,245651,0,1,0,245651,0,1,
2026-07-12T19:02:58.642931+00:00,Dist-SW2,522470,83630,0,1,0,245475,0,1,0,245651,0,1,0,245651,0,1,
2026-07-12T19:03:29.129275+00:00,Edge-RTR,637531864,631163375,0,1,845000,1773065,0,1,0,0,0,2,0,0,0,2,3
2026-07-12T19:03:29.709202+00:00,Core-SW,640478,590583,0,1,85191,532549,0,1,85338,532448,0,1,634087094,634664632,0,1,
2026-07-12T19:03:30.293592+00:00,Dist-SW1,528767,85489,0,1,0,246755,0,1,0,247085,0,1,0,247085,0,1,
2026-07-12T19:03:30.783817+00:00,Dist-SW2,528670,85632,0,1,0,246755,0,1,0,247085,0,1,0,247085,0,1,
2026-07-12T19:04:01.275851+00:00,Edge-RTR,641130267,634733904,0,1,850448,1790625,0,1,0,0,0,2,0,0,0,2,3
2026-07-12T19:04:01.632211+00:00,Core-SW,640951,592935,0,1,86749,536309,0,1,86896,536208,0,1,637429194,638007301,0,1,
2026-07-12T19:04:02.136871+00:00,Dist-SW1,533843,87047,0,1,0,249155,0,1,0,248139,0,1,0,248139,0,1,
2026-07-12T19:04:02.561809+00:00,Dist-SW2,533746,87190,0,1,0,249155,0,1,0,248139,0,1,0,248139,0,1,
2026-07-12T19:04:33.013533+00:00,Edge-RTR,644704064,638281281,0,1,856744,1809147,0,1,0,0,0,2,0,0,0,2,2
2026-07-12T19:04:33.370615+00:00,Core-SW,642833,597051,0,1,88751,541897,0,1,88898,541796,0,1,640799442,641378509,0,1,
2026-07-12T19:04:33.985776+00:00,Dist-SW1,539363,89049,0,1,0,251935,0,1,0,249573,0,1,0,249573,0,1,
2026-07-12T19:04:34.437219+00:00,Dist-SW2,539266,89192,0,1,0,251935,0,1,0,249573,0,1,0,249573,0,1,
2026-07-12T19:05:04.908498+00:00,Edge-RTR,648312303,641859591,0,1,862812,1826422,0,1,0,0,0,2,0,0,0,2,2
2026-07-12T19:05:05.314137+00:00,Core-SW,644470,600783,0,1,90309,547037,0,1,90456,546936,0,1,644132074,644711306,0,1,
2026-07-12T19:05:05.878701+00:00,Dist-SW1,544439,90607,0,1,0,254335,0,1,0,250627,0,1,0,250627,0,1,
2026-07-12T19:05:06.370439+00:00,Dist-SW2,544342,90750,0,1,0,254335,0,1,0,250627,0,1,0,250627,0,1,
2026-07-12T19:05:36.857622+00:00,Edge-RTR,651933922,645432486,0,1,868302,1865258,0,1,0,0,0,2,0,0,0,2,2
2026-07-12T19:05:37.228445+00:00,Core-SW,664072,608365,0,1,92311,552489,0,1,92458,552388,0,1,647510296,648104464,0,1,
2026-07-12T19:05:37.787750+00:00,Dist-SW1,549959,92609,0,1,0,258915,0,1,0,252361,0,1,0,252361,0,1,
2026-07-12T19:05:38.269949+00:00,Dist-SW2,549862,92752,0,1,0,257115,0,1,0,252361,0,1,0,252361,0,1,
2026-07-12T19:06:08.752052+00:00,Edge-RTR,655574053,649042676,0,1,874246,1882393,0,1,0,0,0,2,0,0,0,2,2
2026-07-12T19:06:09.105511+00:00,Core-SW,665667,612033,0,1,93869,557629,0,1,94016,559776,0,1,652067560,652663082,0,1,
2026-07-12T19:06:09.630225+00:00,Dist-SW1,555715,94167,0,1,0,259815,0,1,0,253415,0,1,0,253415,0,1,
2026-07-12T19:06:10.115967+00:00,Dist-SW2,555618,94310,0,1,0,259815,0,1,0,253415,0,1,0,253415,0,1,
2026-07-12T19:06:40.596133+00:00,Edge-RTR,659064266,652504521,0,1,880356,1900775,0,1,0,0,0,2,0,0,0,2,2
2026-07-12T19:06:40.943220+00:00,Core-SW,667591,616893,0,1,95871,563897,0,1,96018,563796,0,1,655354516,655950957,0,1,
2026-07-12T19:06:41.506761+00:00,Dist-SW1,561235,96169,0,1,0,262595,0,1,0,254849,0,1,0,254849,0,1,
2026-07-12T19:06:41.955808+00:00,Dist-SW2,561138,96312,0,1,0,262595,0,1,0,254849,0,1,0,254849,0,1,
2026-07-12T19:07:12.431429+00:00,Edge-RTR,662433977,655848140,0,1,886156,1918675,0,1,0,0,0,2,0,0,0,2,2
2026-07-12T19:07:12.780808+00:00,Core-SW,669186,620561,0,1,97429,569037,0,1,97576,568936,0,1,658506747,659102962,0,1,
2026-07-12T19:07:13.387502+00:00,Dist-SW1,566311,97727,0,1,0,264995,0,1,0,255903,0,1,0,255903,0,1,
2026-07-12T19:07:13.867654+00:00,Dist-SW2,566214,97870,0,1,0,264995,0,1,0,255903,0,1,0,255903,0,1,
2026-07-12T19:07:44.357741+00:00,Edge-RTR,665838860,659226738,0,1,892100,1936012,0,1,0,0,0,2,0,0,0,2,2
2026-07-12T19:07:44.704902+00:00,Core-SW,671110,624741,0,1,99431,574625,0,1,99578,574524,0,1,661719600,662317166,0,1,
2026-07-12T19:07:45.312803+00:00,Dist-SW1,571831,99729,0,1,0,267775,0,1,0,257337,0,1,0,257337,0,1,
2026-07-12T19:07:45.803789+00:00,Dist-SW2,571734,99872,0,1,0,267775,0,1,0,257337,0,1,0,257337,0,1,
2026-07-12T19:08:16.259484+00:00,Edge-RTR,669214559,662576701,0,1,897857,1953849,0,1,0,0,0,2,0,0,0,2,2
2026-07-12T19:08:16.615468+00:00,Core-SW,672987,628472,0,1,100989,579764,0,1,101136,579663,0,1,664901175,665499335,0,1,
2026-07-12T19:08:17.181844+00:00,Dist-SW1,576906,101287,0,1,0,270174,0,1,0,258391,0,1,0,258391,0,1,
2026-07-12T19:08:17.675647+00:00,Dist-SW2,576809,101430,0,1,0,270174,0,1,0,258391,0,1,0,258391,0,1,
